ip_address,blocked_at,reason
144.191.245.131,2025-12-22 04:47:21.534907,High risk login detected
65.246.200.12,2025-12-22 04:47:21.544363,High risk login detected
199.108.160.193,2025-12-22 04:47:21.552103,High risk login detected
206.103.78.240,2025-12-22 04:47:21.558774,High risk login detected
117.201.21.43,2025-12-22 04:47:21.565543,High risk login detected
128.112.26.209,2025-12-22 04:47:21.571865,High risk login detected
183.221.76.240,2025-12-22 04:47:21.578288,High risk login detected
215.194.69.227,2025-12-22 04:47:21.585977,High risk login detected
158.76.101.210,2025-12-22 04:47:21.592059,High risk login detected
105.124.210.131,2025-12-22 04:47:21.597953,High risk login detected
43.112.207.48,2025-12-22 04:47:21.603838,High risk login detected
4.222.42.120,2025-12-22 04:47:21.609862,High risk login detected
61.167.129.137,2025-12-22 04:47:21.616803,High risk login detected
28.130.77.161,2025-12-22 04:47:21.622871,High risk login detected
208.90.116.100,2025-12-22 04:47:21.628514,High risk login detected
102.214.200.231,2025-12-22 04:47:21.634940,High risk login detected
110.237.217.6,2025-12-22 04:47:21.641046,High risk login detected
109.250.50.171,2025-12-22 04:47:21.648256,High risk login detected
133.180.197.37,2025-12-22 04:47:21.654372,High risk login detected
150.14.248.139,2025-12-22 04:47:21.660798,High risk login detected
22.98.138.236,2025-12-22 04:47:21.666916,High risk login detected
216.217.42.100,2025-12-22 04:47:21.673214,High risk login detected
187.161.184.24,2025-12-22 04:47:21.680002,High risk login detected
168.156.59.170,2025-12-22 04:47:21.686400,High risk login detected
7.252.192.191,2025-12-22 04:47:21.693727,High risk login detected
61.4.198.122,2025-12-22 04:47:21.700094,High risk login detected
52.244.154.35,2025-12-22 04:47:21.706964,High risk login detected
157.3.43.166,2025-12-22 04:47:21.715214,High risk login detected
22.75.132.243,2025-12-22 04:47:21.721463,High risk login detected
176.186.83.179,2025-12-22 04:47:21.728202,High risk login detected
219.146.153.228,2025-12-22 04:47:21.734979,High risk login detected
187.73.242.9,2025-12-22 04:47:21.743323,High risk login detected
42.253.64.64,2025-12-22 04:47:21.750528,High risk login detected
144.63.25.107,2025-12-22 04:47:21.757233,High risk login detected
140.43.172.218,2025-12-22 04:47:21.763896,High risk login detected
149.147.60.25,2025-12-22 04:47:21.771103,High risk login detected
182.222.24.126,2025-12-22 04:47:21.777552,High risk login detected
159.135.19.240,2025-12-22 04:47:21.783854,High risk login detected
208.120.168.82,2025-12-22 04:47:21.790864,High risk login detected
168.109.223.250,2025-12-22 04:47:21.797092,High risk login detected
5.111.195.189,2025-12-22 04:47:21.804874,High risk login detected
48.98.80.59,2025-12-22 04:47:21.812838,High risk login detected
139.89.62.113,2025-12-22 05:24:07.889501,High risk login detected
75.169.61.23,2025-12-22 05:24:12.364924,High risk login detected
45.150.218.82,2025-12-22 05:24:24.365274,High risk login detected
55.146.34.12,2025-12-22 05:24:25.861884,High risk login detected
125.119.58.170,2025-12-22 05:24:31.859941,High risk login detected
67.89.238.190,2025-12-22 05:24:33.396892,High risk login detected
103.49.15.8,2025-12-22 05:24:36.375519,High risk login detected
103.50.5.6,2025-12-22 05:24:37.861196,High risk login detected
103.48.78.9,2025-12-22 05:24:39.363286,High risk login detected
127.0.0.1,2025-12-22 07:36:31.783172,High risk login detected
